event_id,timestamp_utc,institution_id,transaction_id,fraud_score,prediction,flagged,threshold,status
900bfada616954c6,2026-09-14T17:57:46.373526+00:00,INSTITUTION_A,txn_000,0.37454,licit,False,0.5,CLEAR
77bd95cdf4a30b34,2026-09-14T17:57:46.373575+00:00,INSTITUTION_A,txn_001,0.950714,illicit,True,0.5,ALERT_RAISED
e75941afd41bce41,2026-09-14T17:57:46.373590+00:00,INSTITUTION_A,txn_002,0.731994,illicit,True,0.5,ALERT_RAISED
dacf7893916086ca,2026-09-14T17:57:46.373601+00:00,INSTITUTION_A,txn_003,0.598658,illicit,True,0.5,ALERT_RAISED
32fca07bc0bb04d1,2026-09-14T17:57:46.373611+00:00,INSTITUTION_A,txn_004,0.156019,licit,False,0.5,CLEAR
2fb18d9d9b74b633,2026-09-14T17:57:46.373619+00:00,INSTITUTION_A,txn_005,0.155995,licit,False,0.5,CLEAR
fda1024232edf29e,2026-09-14T17:57:46.373627+00:00,INSTITUTION_A,txn_006,0.058084,licit,False,0.5,CLEAR
08e358c25d7aea7f,2026-09-14T17:57:46.373635+00:00,INSTITUTION_A,txn_007,0.866176,illicit,True,0.5,ALERT_RAISED
bb1ed4b5a67f4e50,2026-09-14T17:57:46.373643+00:00,INSTITUTION_A,txn_008,0.601115,illicit,True,0.5,ALERT_RAISED
2097bd3e5e13596c,2026-09-14T17:57:46.373652+00:00,INSTITUTION_A,txn_009,0.708073,illicit,True,0.5,ALERT_RAISED
6f38f77d0d2f5075,2026-09-14T18:41:51.141652+00:00,INSTITUTION_A,txn_164685,0.449224,licit,False,0.5,CLEAR
f49a5f3b64b4e3ec,2026-09-14T18:41:51.141696+00:00,INSTITUTION_A,txn_164691,0.003361,licit,False,0.5,CLEAR
3da32be752ce934b,2026-09-14T18:41:51.141714+00:00,INSTITUTION_A,txn_164696,7e-06,licit,False,0.5,CLEAR
3c11e8084dad7ae6,2026-09-14T18:41:51.141725+00:00,INSTITUTION_A,txn_164698,0.048199,licit,False,0.5,CLEAR
14b12edb507b4e8c,2026-09-14T18:41:51.141735+00:00,INSTITUTION_A,txn_164699,0.262237,licit,False,0.5,CLEAR
bde29414d75450dc,2026-09-14T18:41:51.141746+00:00,INSTITUTION_A,txn_164701,0.408565,licit,False,0.5,CLEAR
d41354c37df9eb93,2026-09-14T18:41:51.141755+00:00,INSTITUTION_A,txn_164702,0.128075,licit,False,0.5,CLEAR
1284ffeb1a4e7436,2026-09-14T18:41:51.141764+00:00,INSTITUTION_A,txn_164708,0.360142,licit,False,0.5,CLEAR
1c2da7944cf0d310,2026-09-14T18:41:51.141773+00:00,INSTITUTION_A,txn_164710,0.398616,licit,False,0.5,CLEAR
ea1148521ca1cfcf,2026-09-14T18:41:51.141782+00:00,INSTITUTION_A,txn_164717,0.008794,licit,False,0.5,CLEAR
49e965f20619bd63,2026-09-14T18:41:51.141791+00:00,INSTITUTION_A,txn_164731,0.350005,licit,False,0.5,CLEAR
d5afb6a574dcf1dc,2026-09-14T18:41:51.141801+00:00,INSTITUTION_A,txn_164732,0.028545,licit,False,0.5,CLEAR
499b99ca9654aec5,2026-09-14T18:41:51.141809+00:00,INSTITUTION_A,txn_164736,0.070825,licit,False,0.5,CLEAR
4e258654c03f8fe5,2026-09-14T18:41:51.141818+00:00,INSTITUTION_A,txn_164746,0.048065,licit,False,0.5,CLEAR
a4ebf74aed72d40a,2026-09-14T18:41:51.141827+00:00,INSTITUTION_A,txn_164753,0.099203,licit,False,0.5,CLEAR
0d19cb93f8d1935a,2026-09-14T18:41:51.141836+00:00,INSTITUTION_A,txn_164763,0.092049,licit,False,0.5,CLEAR
67c260696948807a,2026-09-14T18:41:51.141845+00:00,INSTITUTION_A,txn_164765,0.267173,licit,False,0.5,CLEAR
296cd79f92ae167f,2026-09-14T18:41:51.141854+00:00,INSTITUTION_A,txn_164767,0.189411,licit,False,0.5,CLEAR
eb9f1497bb10e5ac,2026-09-14T18:41:51.141864+00:00,INSTITUTION_A,txn_164773,0.687504,illicit,True,0.5,ALERT_RAISED
7e2e6ad3f5f7729c,2026-09-14T18:41:51.141874+00:00,INSTITUTION_A,txn_164774,0.704245,illicit,True,0.5,ALERT_RAISED
5aa7e6a1ac20f973,2026-09-14T18:41:51.141885+00:00,INSTITUTION_A,txn_164775,0.368706,licit,False,0.5,CLEAR
bdc734d693d0fd91,2026-09-14T18:41:51.141893+00:00,INSTITUTION_A,txn_164776,0.575845,illicit,True,0.5,ALERT_RAISED
beed611dec4da974,2026-09-14T18:41:51.141901+00:00,INSTITUTION_A,txn_164778,0.369899,licit,False,0.5,CLEAR
d679645fbd48c414,2026-09-14T18:41:51.141909+00:00,INSTITUTION_A,txn_164782,0.257866,licit,False,0.5,CLEAR
ebf61d4462ae92bf,2026-09-14T18:41:51.141918+00:00,INSTITUTION_A,txn_164800,0.705452,illicit,True,0.5,ALERT_RAISED
d48698eb8daa7447,2026-09-14T18:41:51.141926+00:00,INSTITUTION_A,txn_164802,0.004541,licit,False,0.5,CLEAR
fd5b174eb3202795,2026-09-14T18:41:51.141935+00:00,INSTITUTION_A,txn_164803,0.001867,licit,False,0.5,CLEAR
dbf26b8cf13953f9,2026-09-14T18:41:51.141943+00:00,INSTITUTION_A,txn_164804,0.00926,licit,False,0.5,CLEAR
79083068f1d0b0f2,2026-09-14T18:41:51.141951+00:00,INSTITUTION_A,txn_164805,0.308732,licit,False,0.5,CLEAR
b5ac4ee22ed73373,2026-09-14T18:41:51.141959+00:00,INSTITUTION_A,txn_164806,0.228499,licit,False,0.5,CLEAR
d8ac3e701108c801,2026-09-14T18:41:51.141967+00:00,INSTITUTION_A,txn_164809,0.006991,licit,False,0.5,CLEAR
d99aa99f939fcccc,2026-09-14T18:41:51.141975+00:00,INSTITUTION_A,txn_164811,0.002278,licit,False,0.5,CLEAR
0c7c4aa60eefedda,2026-09-14T18:41:51.141984+00:00,INSTITUTION_A,txn_164813,0.517218,illicit,True,0.5,ALERT_RAISED
ca9026658adec7af,2026-09-14T18:41:51.141997+00:00,INSTITUTION_A,txn_164818,0.193076,licit,False,0.5,CLEAR
1fec8f13ba7f7269,2026-09-14T18:41:51.142006+00:00,INSTITUTION_A,txn_164825,0.274398,licit,False,0.5,CLEAR
bb383597f58bf233,2026-09-14T18:41:51.142014+00:00,INSTITUTION_A,txn_164826,0.250375,licit,False,0.5,CLEAR
5d028c85c9fc5f8a,2026-09-14T18:41:51.142022+00:00,INSTITUTION_A,txn_164830,0.069419,licit,False,0.5,CLEAR
5d86a3cf371f24d6,2026-09-14T18:41:51.142030+00:00,INSTITUTION_A,txn_164831,0.535996,illicit,True,0.5,ALERT_RAISED
bdbef3c7489c2b66,2026-09-14T18:41:51.142039+00:00,INSTITUTION_A,txn_164832,0.530959,illicit,True,0.5,ALERT_RAISED
a3e949ce663c1890,2026-09-14T18:41:51.142046+00:00,INSTITUTION_A,txn_164841,0.232032,licit,False,0.5,CLEAR
b4ab194591002ff3,2026-09-14T18:41:51.142055+00:00,INSTITUTION_A,txn_164842,0.000544,licit,False,0.5,CLEAR
0b105b6ea29f13b5,2026-09-14T18:41:51.142063+00:00,INSTITUTION_A,txn_164849,0.11929,licit,False,0.5,CLEAR
85678ac3d05c171c,2026-09-14T18:41:51.142071+00:00,INSTITUTION_A,txn_164850,0.385935,licit,False,0.5,CLEAR
b5df2fb9573eea46,2026-09-14T18:41:51.142094+00:00,INSTITUTION_A,txn_164852,0.525164,illicit,True,0.5,ALERT_RAISED
8178e7ca533e1028,2026-09-14T18:41:51.142105+00:00,INSTITUTION_A,txn_164861,1e-06,licit,False,0.5,CLEAR
f9dd78fe56ad6134,2026-09-14T18:41:51.142113+00:00,INSTITUTION_A,txn_164868,0.607677,illicit,True,0.5,ALERT_RAISED
2ceafbe7f3aa80e6,2026-09-14T18:41:51.142121+00:00,INSTITUTION_A,txn_164876,1.5e-05,licit,False,0.5,CLEAR
fe3dba4523d3a60f,2026-09-14T18:41:51.142130+00:00,INSTITUTION_A,txn_164877,0.386325,licit,False,0.5,CLEAR
5b0661f11795034a,2026-09-14T18:41:51.142138+00:00,INSTITUTION_A,txn_164883,0.11625,licit,False,0.5,CLEAR
d93fd0772395ad39,2026-09-14T18:41:51.142146+00:00,INSTITUTION_A,txn_164884,0.059855,licit,False,0.5,CLEAR
8ee4bcb3733b36f1,2026-09-14T18:41:51.142154+00:00,INSTITUTION_A,txn_164886,7e-06,licit,False,0.5,CLEAR
3f8501843e74370a,2026-09-14T18:41:51.142162+00:00,INSTITUTION_A,txn_164893,0.099582,licit,False,0.5,CLEAR
265956f08895bc7f,2026-09-14T18:41:51.142172+00:00,INSTITUTION_A,txn_164894,0.002792,licit,False,0.5,CLEAR
888a8b560a698d0d,2026-09-14T18:41:51.142180+00:00,INSTITUTION_A,txn_164896,0.098741,licit,False,0.5,CLEAR
c30a1577e5e453e5,2026-09-14T18:41:51.142188+00:00,INSTITUTION_A,txn_164897,0.275533,licit,False,0.5,CLEAR
49329c4a7d80739f,2026-09-14T18:41:51.142196+00:00,INSTITUTION_A,txn_164898,0.180161,licit,False,0.5,CLEAR
0cba2f1f94c8cad9,2026-09-14T18:41:51.142204+00:00,INSTITUTION_A,txn_164903,0.002004,licit,False,0.5,CLEAR
b1b7f4f267f9481a,2026-09-14T18:41:51.142213+00:00,INSTITUTION_A,txn_164904,0.091683,licit,False,0.5,CLEAR
e21a74c019fd000e,2026-09-14T18:41:51.142221+00:00,INSTITUTION_A,txn_164907,0.047485,licit,False,0.5,CLEAR
99dfddff7e06ca3d,2026-09-14T18:41:51.142228+00:00,INSTITUTION_A,txn_164908,0.049755,licit,False,0.5,CLEAR
c328d0747e89ef33,2026-09-14T18:41:51.142237+00:00,INSTITUTION_A,txn_164912,0.617996,illicit,True,0.5,ALERT_RAISED
8501fd316b1e5f8a,2026-09-14T18:41:51.142245+00:00,INSTITUTION_A,txn_164914,0.423104,licit,False,0.5,CLEAR
50b51590de02d9b0,2026-09-14T18:41:51.142253+00:00,INSTITUTION_A,txn_164927,0.617553,illicit,True,0.5,ALERT_RAISED
2ded8aaf2043b64f,2026-09-14T18:41:51.142261+00:00,INSTITUTION_A,txn_164929,0.146637,licit,False,0.5,CLEAR
276e618a71fc7680,2026-09-14T18:41:51.142269+00:00,INSTITUTION_A,txn_164930,0.007152,licit,False,0.5,CLEAR
474504a5ba473a91,2026-09-14T18:41:51.142277+00:00,INSTITUTION_A,txn_164942,0.59113,illicit,True,0.5,ALERT_RAISED
7b44607c6d39f531,2026-09-14T18:41:51.142285+00:00,INSTITUTION_A,txn_164943,0.18152,licit,False,0.5,CLEAR
262fd48a62377204,2026-09-14T18:41:51.142293+00:00,INSTITUTION_A,txn_164944,0.185961,licit,False,0.5,CLEAR
0641b4252a68e20a,2026-09-14T18:41:51.142301+00:00,INSTITUTION_A,txn_164960,0.236991,licit,False,0.5,CLEAR
fbcf54d6fedebcf5,2026-09-14T18:41:51.142310+00:00,INSTITUTION_A,txn_164977,0.266601,licit,False,0.5,CLEAR
dc632385d06a6b4c,2026-09-14T18:41:51.142318+00:00,INSTITUTION_A,txn_164980,0.102725,licit,False,0.5,CLEAR
b4f5813fbdade173,2026-09-14T18:41:51.142326+00:00,INSTITUTION_A,txn_164982,0.510685,illicit,True,0.5,ALERT_RAISED
675931875d4ae8f2,2026-09-14T18:41:51.142336+00:00,INSTITUTION_A,txn_164984,0.209055,licit,False,0.5,CLEAR
62fe8bbd0ef0e890,2026-09-14T18:41:51.142344+00:00,INSTITUTION_A,txn_164993,0.020073,licit,False,0.5,CLEAR
353f2ab524454d66,2026-09-14T18:41:51.142353+00:00,INSTITUTION_A,txn_165000,0.001262,licit,False,0.5,CLEAR
0bdeb293f3dedb4d,2026-09-14T18:41:51.142362+00:00,INSTITUTION_A,txn_165001,0.008822,licit,False,0.5,CLEAR
439783213f979190,2026-09-14T18:41:51.142371+00:00,INSTITUTION_A,txn_165004,0.003538,licit,False,0.5,CLEAR
df6d27f69bd45092,2026-09-14T18:41:51.142380+00:00,INSTITUTION_A,txn_165005,0.007886,licit,False,0.5,CLEAR
4a5bddc398967ff0,2026-09-14T18:41:51.142388+00:00,INSTITUTION_A,txn_165012,2e-06,licit,False,0.5,CLEAR
ba1385cebd2da714,2026-09-14T18:41:51.142396+00:00,INSTITUTION_A,txn_165013,0.046252,licit,False,0.5,CLEAR
952d7b0b08e24f2b,2026-09-14T18:41:51.142404+00:00,INSTITUTION_A,txn_165016,0.072247,licit,False,0.5,CLEAR
33a369bdacd33798,2026-09-14T18:41:51.142412+00:00,INSTITUTION_A,txn_165017,0.476894,licit,False,0.5,CLEAR
55c2f2f052d2ab3c,2026-09-14T18:41:51.142420+00:00,INSTITUTION_A,txn_165030,2e-06,licit,False,0.5,CLEAR
746fb48d79884f25,2026-09-14T18:41:51.142428+00:00,INSTITUTION_A,txn_165031,0.322014,licit,False,0.5,CLEAR
c2f8974a45155164,2026-09-14T18:41:51.142436+00:00,INSTITUTION_A,txn_165035,0.011726,licit,False,0.5,CLEAR
cb7dad871ac8cc61,2026-09-14T18:41:51.142444+00:00,INSTITUTION_A,txn_165043,0.105494,licit,False,0.5,CLEAR
6e7c841810cdcef0,2026-09-14T18:41:51.142452+00:00,INSTITUTION_A,txn_165047,0.682884,illicit,True,0.5,ALERT_RAISED
004bbb67900b21a7,2026-09-14T18:41:51.142460+00:00,INSTITUTION_A,txn_165051,0.007764,licit,False,0.5,CLEAR
a09cb52912691a57,2026-09-14T18:41:51.142468+00:00,INSTITUTION_A,txn_165056,0.028282,licit,False,0.5,CLEAR
09622decc58dffd3,2026-09-14T18:41:51.142476+00:00,INSTITUTION_A,txn_165057,3.3e-05,licit,False,0.5,CLEAR
aa8981c8cb6c3a62,2026-09-14T18:41:51.142484+00:00,INSTITUTION_A,txn_165064,0.360498,licit,False,0.5,CLEAR
4ec98f6cb812fe06,2026-09-14T18:41:51.142494+00:00,INSTITUTION_A,txn_165078,0.594821,illicit,True,0.5,ALERT_RAISED
14f3f5569f48599f,2026-09-14T18:41:51.142503+00:00,INSTITUTION_A,txn_165084,0.052991,licit,False,0.5,CLEAR
714e6ac3d2dab7b7,2026-09-14T18:41:51.142512+00:00,INSTITUTION_A,txn_165086,0.187437,licit,False,0.5,CLEAR
7d5d4ac5a808620d,2026-09-14T18:41:51.142520+00:00,INSTITUTION_A,txn_165088,0.02871,licit,False,0.5,CLEAR
29831b2bd9cf7105,2026-09-14T18:41:51.142528+00:00,INSTITUTION_A,txn_165092,0.001179,licit,False,0.5,CLEAR
de98381fd7eace23,2026-09-14T18:41:51.142536+00:00,INSTITUTION_A,txn_165099,0.470894,licit,False,0.5,CLEAR
ecd7d9c2a20c30e0,2026-09-14T18:41:51.142544+00:00,INSTITUTION_A,txn_165101,0.214064,licit,False,0.5,CLEAR
65c6447eec05a5e3,2026-09-14T18:41:51.142552+00:00,INSTITUTION_A,txn_165106,0.38044,licit,False,0.5,CLEAR
066090f27d2b8835,2026-09-14T18:41:51.142560+00:00,INSTITUTION_A,txn_165128,0.201483,licit,False,0.5,CLEAR
ff92e53767b331a6,2026-09-14T18:52:11.906017+00:00,INSTITUTION_A,txn_164685,0.449224,licit,False,0.5,CLEAR
ca966ad348024c7e,2026-09-14T18:52:11.906105+00:00,INSTITUTION_A,txn_164691,0.003361,licit,False,0.5,CLEAR
2f693d782229b17f,2026-09-14T18:52:11.906140+00:00,INSTITUTION_A,txn_164696,7e-06,licit,False,0.5,CLEAR
0baab1ab25bb99e9,2026-09-14T18:52:11.906163+00:00,INSTITUTION_A,txn_164698,0.048199,licit,False,0.5,CLEAR
ec1b5d7198d94f67,2026-09-14T18:52:11.906193+00:00,INSTITUTION_A,txn_164699,0.262237,licit,False,0.5,CLEAR
f2bc45cd317468cc,2026-09-14T18:52:11.906215+00:00,INSTITUTION_A,txn_164701,0.408565,licit,False,0.5,CLEAR
62ff3c12581badbb,2026-09-14T18:52:11.906235+00:00,INSTITUTION_A,txn_164702,0.128075,licit,False,0.5,CLEAR
ec90f015a8f7c6f4,2026-09-14T18:52:11.906261+00:00,INSTITUTION_A,txn_164708,0.360142,licit,False,0.5,CLEAR
63ee91723e210094,2026-09-14T18:52:11.906281+00:00,INSTITUTION_A,txn_164710,0.398616,licit,False,0.5,CLEAR
f199c430ccc2ff4b,2026-09-14T18:52:11.906301+00:00,INSTITUTION_A,txn_164717,0.008794,licit,False,0.5,CLEAR
0411e97d6ed4ce31,2026-09-14T18:52:11.906325+00:00,INSTITUTION_A,txn_164731,0.350005,licit,False,0.5,CLEAR
443fb534d69d5e8a,2026-09-14T18:52:11.906350+00:00,INSTITUTION_A,txn_164732,0.028545,licit,False,0.5,CLEAR
f61d5140b311faa7,2026-09-14T18:52:11.906372+00:00,INSTITUTION_A,txn_164736,0.070825,licit,False,0.5,CLEAR
293ff8387d98c742,2026-09-14T18:52:11.906406+00:00,INSTITUTION_A,txn_164746,0.048065,licit,False,0.5,CLEAR
d4ae6922cd3bb125,2026-09-14T18:52:11.906425+00:00,INSTITUTION_A,txn_164753,0.099203,licit,False,0.5,CLEAR
8106d7e155e45b6f,2026-09-14T18:52:11.906444+00:00,INSTITUTION_A,txn_164763,0.092049,licit,False,0.5,CLEAR
314052b285b2fd73,2026-09-14T18:52:11.906463+00:00,INSTITUTION_A,txn_164765,0.267173,licit,False,0.5,CLEAR
705ce4fd85b5b367,2026-09-14T18:52:11.906482+00:00,INSTITUTION_A,txn_164767,0.189411,licit,False,0.5,CLEAR
9c601620ef6921e7,2026-09-14T18:52:11.906501+00:00,INSTITUTION_A,txn_164773,0.687504,illicit,True,0.5,ALERT_RAISED
58f4fe133ad7c461,2026-09-14T18:52:11.906522+00:00,INSTITUTION_A,txn_164774,0.704245,illicit,True,0.5,ALERT_RAISED
27d12af4417a1e0c,2026-09-14T18:52:11.906559+00:00,INSTITUTION_A,txn_164775,0.368706,licit,False,0.5,CLEAR
b45ab618291eec78,2026-09-14T18:52:11.906592+00:00,INSTITUTION_A,txn_164776,0.575845,illicit,True,0.5,ALERT_RAISED
4a0f88c160d67ab3,2026-09-14T18:52:11.906614+00:00,INSTITUTION_A,txn_164778,0.369899,licit,False,0.5,CLEAR
b8245055449959ed,2026-09-14T18:52:11.906634+00:00,INSTITUTION_A,txn_164782,0.257866,licit,False,0.5,CLEAR
4a354dcf3c0554a1,2026-09-14T18:52:11.906656+00:00,INSTITUTION_A,txn_164800,0.705452,illicit,True,0.5,ALERT_RAISED
22e196ad8937be7d,2026-09-14T18:52:11.906675+00:00,INSTITUTION_A,txn_164802,0.004541,licit,False,0.5,CLEAR
fb2f516811a0add5,2026-09-14T18:52:11.906702+00:00,INSTITUTION_A,txn_164803,0.001867,licit,False,0.5,CLEAR
1bed47d878f91740,2026-09-14T18:52:11.906728+00:00,INSTITUTION_A,txn_164804,0.00926,licit,False,0.5,CLEAR
c628d703a54ce5d4,2026-09-14T18:52:11.906753+00:00,INSTITUTION_A,txn_164805,0.308732,licit,False,0.5,CLEAR
5c2a701154f76b63,2026-09-14T18:52:11.906776+00:00,INSTITUTION_A,txn_164806,0.228499,licit,False,0.5,CLEAR
a5d80ee70ec9426b,2026-09-14T18:52:11.906794+00:00,INSTITUTION_A,txn_164809,0.006991,licit,False,0.5,CLEAR
668f06ef77044ef0,2026-09-14T18:52:11.906812+00:00,INSTITUTION_A,txn_164811,0.002278,licit,False,0.5,CLEAR
4fb596b1651ab483,2026-09-14T18:52:11.906830+00:00,INSTITUTION_A,txn_164813,0.517218,illicit,True,0.5,ALERT_RAISED
829b90f61ce5d7e9,2026-09-14T18:52:11.906856+00:00,INSTITUTION_A,txn_164818,0.193076,licit,False,0.5,CLEAR
757f5bc8fddd7f35,2026-09-14T18:52:11.906874+00:00,INSTITUTION_A,txn_164825,0.274398,licit,False,0.5,CLEAR
43874a7423e99d41,2026-09-14T18:52:11.906892+00:00,INSTITUTION_A,txn_164826,0.250375,licit,False,0.5,CLEAR
ffadb870932119a8,2026-09-14T18:52:11.906910+00:00,INSTITUTION_A,txn_164830,0.069419,licit,False,0.5,CLEAR
544d84a8a1b39f1f,2026-09-14T18:52:11.906927+00:00,INSTITUTION_A,txn_164831,0.535996,illicit,True,0.5,ALERT_RAISED
b2e9207222e2ead5,2026-09-14T18:52:11.906945+00:00,INSTITUTION_A,txn_164832,0.530959,illicit,True,0.5,ALERT_RAISED
df41d9477536c92c,2026-09-14T18:52:11.906963+00:00,INSTITUTION_A,txn_164841,0.232032,licit,False,0.5,CLEAR
d31365b617d522f9,2026-09-14T18:52:11.906981+00:00,INSTITUTION_A,txn_164842,0.000544,licit,False,0.5,CLEAR
1f2564ae710f5c2a,2026-09-14T18:52:11.907000+00:00,INSTITUTION_A,txn_164849,0.11929,licit,False,0.5,CLEAR
de5874fdc97377b8,2026-09-14T18:52:11.907019+00:00,INSTITUTION_A,txn_164850,0.385935,licit,False,0.5,CLEAR
3fa44f5694ff61e2,2026-09-14T18:52:11.907037+00:00,INSTITUTION_A,txn_164852,0.525164,illicit,True,0.5,ALERT_RAISED
c43b0807a9af9e2d,2026-09-14T18:52:11.907055+00:00,INSTITUTION_A,txn_164861,1e-06,licit,False,0.5,CLEAR
cc5aa84f841ebd46,2026-09-14T18:52:11.907072+00:00,INSTITUTION_A,txn_164868,0.607677,illicit,True,0.5,ALERT_RAISED
557c806677eebb40,2026-09-14T18:52:11.907089+00:00,INSTITUTION_A,txn_164876,1.5e-05,licit,False,0.5,CLEAR
308c60d1e03c4a7b,2026-09-14T18:52:11.907107+00:00,INSTITUTION_A,txn_164877,0.386325,licit,False,0.5,CLEAR
2b8517c6b3a8d71a,2026-09-14T18:52:11.907129+00:00,INSTITUTION_A,txn_164883,0.11625,licit,False,0.5,CLEAR
20f9ad921a50c670,2026-09-14T18:52:11.907151+00:00,INSTITUTION_A,txn_164884,0.059855,licit,False,0.5,CLEAR
ca6f4e7848e9abe9,2026-09-14T18:52:11.907173+00:00,INSTITUTION_A,txn_164886,7e-06,licit,False,0.5,CLEAR
c4becb35c42a04d3,2026-09-14T18:52:11.907195+00:00,INSTITUTION_A,txn_164893,0.099582,licit,False,0.5,CLEAR
a1e9a5baab07bf6a,2026-09-14T18:52:11.907219+00:00,INSTITUTION_A,txn_164894,0.002792,licit,False,0.5,CLEAR
7ae15d1da39de241,2026-09-14T18:52:11.907242+00:00,INSTITUTION_A,txn_164896,0.098741,licit,False,0.5,CLEAR
bdda2dfaa2ff4c0e,2026-09-14T18:52:11.907260+00:00,INSTITUTION_A,txn_164897,0.275533,licit,False,0.5,CLEAR
d2a9916e0a7cb879,2026-09-14T18:52:11.907277+00:00,INSTITUTION_A,txn_164898,0.180161,licit,False,0.5,CLEAR
afcd50653f81eaf8,2026-09-14T18:52:11.907299+00:00,INSTITUTION_A,txn_164903,0.002004,licit,False,0.5,CLEAR
8781219d5c420141,2026-09-14T18:52:11.907318+00:00,INSTITUTION_A,txn_164904,0.091683,licit,False,0.5,CLEAR
cbbf0bb2313ea5c9,2026-09-14T18:52:11.907340+00:00,INSTITUTION_A,txn_164907,0.047485,licit,False,0.5,CLEAR
d773354515576b67,2026-09-14T18:52:11.907361+00:00,INSTITUTION_A,txn_164908,0.049755,licit,False,0.5,CLEAR
b41468f8171b3002,2026-09-14T18:52:11.907380+00:00,INSTITUTION_A,txn_164912,0.617996,illicit,True,0.5,ALERT_RAISED
c6cabe504d22c82f,2026-09-14T18:52:11.907405+00:00,INSTITUTION_A,txn_164914,0.423104,licit,False,0.5,CLEAR
9dde5eb5ccb60733,2026-09-14T18:52:11.907423+00:00,INSTITUTION_A,txn_164927,0.617553,illicit,True,0.5,ALERT_RAISED
59ca6f583ead5227,2026-09-14T18:52:11.907442+00:00,INSTITUTION_A,txn_164929,0.146637,licit,False,0.5,CLEAR
64ae6f4e3582787f,2026-09-14T18:52:11.907460+00:00,INSTITUTION_A,txn_164930,0.007152,licit,False,0.5,CLEAR
cd67a02c2287c1b1,2026-09-14T18:52:11.907479+00:00,INSTITUTION_A,txn_164942,0.59113,illicit,True,0.5,ALERT_RAISED
31b8078db3b4072e,2026-09-14T18:52:11.907501+00:00,INSTITUTION_A,txn_164943,0.18152,licit,False,0.5,CLEAR
f51b336bdaaf5edb,2026-09-14T18:52:11.907520+00:00,INSTITUTION_A,txn_164944,0.185961,licit,False,0.5,CLEAR
570d30b8f17f195d,2026-09-14T18:52:11.907537+00:00,INSTITUTION_A,txn_164960,0.236991,licit,False,0.5,CLEAR
3baebd11e6933a72,2026-09-14T18:52:11.907555+00:00,INSTITUTION_A,txn_164977,0.266601,licit,False,0.5,CLEAR
91aead70b1ad4286,2026-09-14T18:52:11.907573+00:00,INSTITUTION_A,txn_164980,0.102725,licit,False,0.5,CLEAR
041ea1767d5ac4f9,2026-09-14T18:52:11.907591+00:00,INSTITUTION_A,txn_164982,0.510685,illicit,True,0.5,ALERT_RAISED
a1a6095ea340900d,2026-09-14T18:52:11.907614+00:00,INSTITUTION_A,txn_164984,0.209055,licit,False,0.5,CLEAR
0b22ce6dd45c5080,2026-09-14T18:52:11.907655+00:00,INSTITUTION_A,txn_164993,0.020073,licit,False,0.5,CLEAR
fbac56d3b6d14c9f,2026-09-14T18:52:11.907673+00:00,INSTITUTION_A,txn_165000,0.001262,licit,False,0.5,CLEAR
95a83540e7c6a178,2026-09-14T18:52:11.907695+00:00,INSTITUTION_A,txn_165001,0.008822,licit,False,0.5,CLEAR
51b096d46b89d746,2026-09-14T18:52:11.907716+00:00,INSTITUTION_A,txn_165004,0.003538,licit,False,0.5,CLEAR
5319a776bf2822ad,2026-09-14T18:52:11.907744+00:00,INSTITUTION_A,txn_165005,0.007886,licit,False,0.5,CLEAR
6779dc8fa7d0ab6a,2026-09-14T18:52:11.907762+00:00,INSTITUTION_A,txn_165012,2e-06,licit,False,0.5,CLEAR
720a841a395c67b7,2026-09-14T18:52:11.907783+00:00,INSTITUTION_A,txn_165013,0.046252,licit,False,0.5,CLEAR
5316b27bfe67d440,2026-09-14T18:52:11.907803+00:00,INSTITUTION_A,txn_165016,0.072247,licit,False,0.5,CLEAR
50377066cfa431ef,2026-09-14T18:52:11.907820+00:00,INSTITUTION_A,txn_165017,0.476894,licit,False,0.5,CLEAR
a4bfb176a065136f,2026-09-14T18:52:11.907839+00:00,INSTITUTION_A,txn_165030,2e-06,licit,False,0.5,CLEAR
8d4878612a6425ce,2026-09-14T18:52:11.907857+00:00,INSTITUTION_A,txn_165031,0.322014,licit,False,0.5,CLEAR
9002910efeb8c7f4,2026-09-14T18:52:11.907874+00:00,INSTITUTION_A,txn_165035,0.011726,licit,False,0.5,CLEAR
49c0b5d43734e572,2026-09-14T18:52:11.907891+00:00,INSTITUTION_A,txn_165043,0.105494,licit,False,0.5,CLEAR
ca979060a885bdf3,2026-09-14T18:52:11.907910+00:00,INSTITUTION_A,txn_165047,0.682884,illicit,True,0.5,ALERT_RAISED
d52258821952157b,2026-09-14T18:52:11.907933+00:00,INSTITUTION_A,txn_165051,0.007764,licit,False,0.5,CLEAR
16b2b0b4cd76d0a2,2026-09-14T18:52:11.907951+00:00,INSTITUTION_A,txn_165056,0.028282,licit,False,0.5,CLEAR
a6454bf4d4193eeb,2026-09-14T18:52:11.907978+00:00,INSTITUTION_A,txn_165057,3.3e-05,licit,False,0.5,CLEAR
202c30d930865246,2026-09-14T18:52:11.908000+00:00,INSTITUTION_A,txn_165064,0.360498,licit,False,0.5,CLEAR
aed69e566b4e257e,2026-09-14T18:52:11.908030+00:00,INSTITUTION_A,txn_165078,0.594821,illicit,True,0.5,ALERT_RAISED
7eb8d0a0350e8f0b,2026-09-14T18:52:11.908048+00:00,INSTITUTION_A,txn_165084,0.052991,licit,False,0.5,CLEAR
862107b0e87cd683,2026-09-14T18:52:11.908068+00:00,INSTITUTION_A,txn_165086,0.187437,licit,False,0.5,CLEAR
1f539c196ec09317,2026-09-14T18:52:11.908085+00:00,INSTITUTION_A,txn_165088,0.02871,licit,False,0.5,CLEAR
163bdf886e8ac9a9,2026-09-14T18:52:11.908102+00:00,INSTITUTION_A,txn_165092,0.001179,licit,False,0.5,CLEAR
7c4f00ad7f67abdb,2026-09-14T18:52:11.908121+00:00,INSTITUTION_A,txn_165099,0.470894,licit,False,0.5,CLEAR
e3b91e154f3ffb81,2026-09-14T18:52:11.908142+00:00,INSTITUTION_A,txn_165101,0.214064,licit,False,0.5,CLEAR
83ae25e7be40c112,2026-09-14T18:52:11.908164+00:00,INSTITUTION_A,txn_165106,0.38044,licit,False,0.5,CLEAR
7aed5846435086db,2026-09-14T18:52:11.908185+00:00,INSTITUTION_A,txn_165128,0.201483,licit,False,0.5,CLEAR
5c218f001f78d054,2026-09-14T19:08:28.492803+00:00,INSTITUTION_A,txn_164685,0.449224,licit,False,0.5,CLEAR
9294bb2c209a05f3,2026-09-14T19:08:28.493008+00:00,INSTITUTION_A,txn_164691,0.003361,licit,False,0.5,CLEAR
bb27ac78e4c882b0,2026-09-14T19:08:28.493082+00:00,INSTITUTION_A,txn_164696,7e-06,licit,False,0.5,CLEAR
2e11c99ec8a2fc46,2026-09-14T19:08:28.493114+00:00,INSTITUTION_A,txn_164698,0.048199,licit,False,0.5,CLEAR
5efe4b90333597e0,2026-09-14T19:08:28.493139+00:00,INSTITUTION_A,txn_164699,0.262237,licit,False,0.5,CLEAR
0f9c9f2eced18268,2026-09-14T19:08:28.493163+00:00,INSTITUTION_A,txn_164701,0.408565,licit,False,0.5,CLEAR
c369d08e374824f9,2026-09-14T19:08:28.493184+00:00,INSTITUTION_A,txn_164702,0.128075,licit,False,0.5,CLEAR
47cf63b954bc7090,2026-09-14T19:08:28.493211+00:00,INSTITUTION_A,txn_164708,0.360142,licit,False,0.5,CLEAR
88dd6fde8ea90571,2026-09-14T19:08:28.493232+00:00,INSTITUTION_A,txn_164710,0.398616,licit,False,0.5,CLEAR
b915b7b129eef965,2026-09-14T19:08:28.493252+00:00,INSTITUTION_A,txn_164717,0.008794,licit,False,0.5,CLEAR
902cde6248dd15f9,2026-09-14T19:08:28.493273+00:00,INSTITUTION_A,txn_164731,0.350005,licit,False,0.5,CLEAR
d22cfefce661ec3d,2026-09-14T19:08:28.493293+00:00,INSTITUTION_A,txn_164732,0.028545,licit,False,0.5,CLEAR
d9aabfd443eda735,2026-09-14T19:08:28.493313+00:00,INSTITUTION_A,txn_164736,0.070825,licit,False,0.5,CLEAR
31371758df44787d,2026-09-14T19:08:28.493349+00:00,INSTITUTION_A,txn_164746,0.048065,licit,False,0.5,CLEAR
fcbb4956cfac54b6,2026-09-14T19:08:28.493370+00:00,INSTITUTION_A,txn_164753,0.099203,licit,False,0.5,CLEAR
5108cd0215960837,2026-09-14T19:08:28.493389+00:00,INSTITUTION_A,txn_164763,0.092049,licit,False,0.5,CLEAR
7eecd1528fb57cbc,2026-09-14T19:08:28.493409+00:00,INSTITUTION_A,txn_164765,0.267173,licit,False,0.5,CLEAR
c28d3e4a4c848dff,2026-09-14T19:08:28.493429+00:00,INSTITUTION_A,txn_164767,0.189411,licit,False,0.5,CLEAR
f69af9c6d7a82249,2026-09-14T19:08:28.493452+00:00,INSTITUTION_A,txn_164773,0.687504,illicit,True,0.5,ALERT_RAISED
52c976869c94ac8c,2026-09-14T19:08:28.493474+00:00,INSTITUTION_A,txn_164774,0.704245,illicit,True,0.5,ALERT_RAISED
09573795df75159b,2026-09-14T19:08:28.493521+00:00,INSTITUTION_A,txn_164775,0.368706,licit,False,0.5,CLEAR
2dba92b00d93274b,2026-09-14T19:08:28.493556+00:00,INSTITUTION_A,txn_164776,0.575845,illicit,True,0.5,ALERT_RAISED
cec6a122f557223d,2026-09-14T19:08:28.493584+00:00,INSTITUTION_A,txn_164778,0.369899,licit,False,0.5,CLEAR
3a13296257df1217,2026-09-14T19:08:28.493612+00:00,INSTITUTION_A,txn_164782,0.257866,licit,False,0.5,CLEAR
382099d0bbd4ef9e,2026-09-14T19:08:28.493633+00:00,INSTITUTION_A,txn_164800,0.705452,illicit,True,0.5,ALERT_RAISED
0f1c6e15baee9eaa,2026-09-14T19:08:28.493660+00:00,INSTITUTION_A,txn_164802,0.004541,licit,False,0.5,CLEAR
a4195eaa64f5fce9,2026-09-14T19:08:28.493681+00:00,INSTITUTION_A,txn_164803,0.001867,licit,False,0.5,CLEAR
84e1bb02a5c9a033,2026-09-14T19:08:28.493701+00:00,INSTITUTION_A,txn_164804,0.00926,licit,False,0.5,CLEAR
694e987e7a919958,2026-09-14T19:08:28.493720+00:00,INSTITUTION_A,txn_164805,0.308732,licit,False,0.5,CLEAR
81c246582305aaff,2026-09-14T19:08:28.493739+00:00,INSTITUTION_A,txn_164806,0.228499,licit,False,0.5,CLEAR
5055fb0031fd2fa2,2026-09-14T19:08:28.493758+00:00,INSTITUTION_A,txn_164809,0.006991,licit,False,0.5,CLEAR
6436c28c4a707c34,2026-09-14T19:08:28.493777+00:00,INSTITUTION_A,txn_164811,0.002278,licit,False,0.5,CLEAR
6848726ea8f652de,2026-09-14T19:08:28.493800+00:00,INSTITUTION_A,txn_164813,0.517218,illicit,True,0.5,ALERT_RAISED
a2cbc855e5816253,2026-09-14T19:08:28.493836+00:00,INSTITUTION_A,txn_164818,0.193076,licit,False,0.5,CLEAR
99f0f8b29e1d6c18,2026-09-14T19:08:28.493855+00:00,INSTITUTION_A,txn_164825,0.274398,licit,False,0.5,CLEAR
448065ee0278c209,2026-09-14T19:08:28.493874+00:00,INSTITUTION_A,txn_164826,0.250375,licit,False,0.5,CLEAR
face4821d688ecb1,2026-09-14T19:08:28.493897+00:00,INSTITUTION_A,txn_164830,0.069419,licit,False,0.5,CLEAR
b411272f66f7985a,2026-09-14T19:08:28.493921+00:00,INSTITUTION_A,txn_164831,0.535996,illicit,True,0.5,ALERT_RAISED
0d4f3806af1c0c79,2026-09-14T19:08:28.493940+00:00,INSTITUTION_A,txn_164832,0.530959,illicit,True,0.5,ALERT_RAISED
a4a1204475b0874a,2026-09-14T19:08:28.493959+00:00,INSTITUTION_A,txn_164841,0.232032,licit,False,0.5,CLEAR
60d275f22e00f9d1,2026-09-14T19:08:28.493978+00:00,INSTITUTION_A,txn_164842,0.000544,licit,False,0.5,CLEAR
d7493539d88cf5bc,2026-09-14T19:08:28.494001+00:00,INSTITUTION_A,txn_164849,0.11929,licit,False,0.5,CLEAR
d41d38e8d1ef9ccb,2026-09-14T19:08:28.494041+00:00,INSTITUTION_A,txn_164850,0.385935,licit,False,0.5,CLEAR
a6d639b6a4f7db38,2026-09-14T19:08:28.494062+00:00,INSTITUTION_A,txn_164852,0.525164,illicit,True,0.5,ALERT_RAISED
e977986254f01515,2026-09-14T19:08:28.494080+00:00,INSTITUTION_A,txn_164861,1e-06,licit,False,0.5,CLEAR
997f8c1e51da2e9f,2026-09-14T19:08:28.494099+00:00,INSTITUTION_A,txn_164868,0.607677,illicit,True,0.5,ALERT_RAISED
9b2c0b8ecce9fa92,2026-09-14T19:08:28.494118+00:00,INSTITUTION_A,txn_164876,1.5e-05,licit,False,0.5,CLEAR
bf77a720d457137a,2026-09-14T19:08:28.494136+00:00,INSTITUTION_A,txn_164877,0.386325,licit,False,0.5,CLEAR
e1329f75a10d9c1b,2026-09-14T19:08:28.494155+00:00,INSTITUTION_A,txn_164883,0.11625,licit,False,0.5,CLEAR
870a20d3504fd562,2026-09-14T19:08:28.494174+00:00,INSTITUTION_A,txn_164884,0.059855,licit,False,0.5,CLEAR
67de07c8bf749679,2026-09-14T19:08:28.494198+00:00,INSTITUTION_A,txn_164886,7e-06,licit,False,0.5,CLEAR
88923d3819e5f86a,2026-09-14T19:08:28.494222+00:00,INSTITUTION_A,txn_164893,0.099582,licit,False,0.5,CLEAR
b73c7fc2f7296b22,2026-09-14T19:08:28.494252+00:00,INSTITUTION_A,txn_164894,0.002792,licit,False,0.5,CLEAR
abaf4b012fd251bd,2026-09-14T19:08:28.494274+00:00,INSTITUTION_A,txn_164896,0.098741,licit,False,0.5,CLEAR
c6123161a075e596,2026-09-14T19:08:28.494299+00:00,INSTITUTION_A,txn_164897,0.275533,licit,False,0.5,CLEAR
ad04df8add08db5c,2026-09-14T19:08:28.494318+00:00,INSTITUTION_A,txn_164898,0.180161,licit,False,0.5,CLEAR
76b5ba4ede4d50f5,2026-09-14T19:08:28.494472+00:00,INSTITUTION_A,txn_164903,0.002004,licit,False,0.5,CLEAR
7a4eb2276ec5b74a,2026-09-14T19:08:28.494546+00:00,INSTITUTION_A,txn_164904,0.091683,licit,False,0.5,CLEAR
221ca3b6d84bc269,2026-09-14T19:08:28.494577+00:00,INSTITUTION_A,txn_164907,0.047485,licit,False,0.5,CLEAR
4c8a308a3ccc6cba,2026-09-14T19:08:28.494600+00:00,INSTITUTION_A,txn_164908,0.049755,licit,False,0.5,CLEAR
a755b3ad2e3fd6a2,2026-09-14T19:08:28.494622+00:00,INSTITUTION_A,txn_164912,0.617996,illicit,True,0.5,ALERT_RAISED
5ecc68c8a9e29452,2026-09-14T19:08:28.494664+00:00,INSTITUTION_A,txn_164914,0.423104,licit,False,0.5,CLEAR
86a47ad6a6c2be84,2026-09-14T19:08:28.494686+00:00,INSTITUTION_A,txn_164927,0.617553,illicit,True,0.5,ALERT_RAISED
c4d399d6cc82ec41,2026-09-14T19:08:28.494721+00:00,INSTITUTION_A,txn_164929,0.146637,licit,False,0.5,CLEAR
10f7ae819059651f,2026-09-14T19:08:28.494744+00:00,INSTITUTION_A,txn_164930,0.007152,licit,False,0.5,CLEAR
d243b5883bd77232,2026-09-14T19:08:28.494766+00:00,INSTITUTION_A,txn_164942,0.59113,illicit,True,0.5,ALERT_RAISED
d824a9daac28dc77,2026-09-14T19:08:28.494790+00:00,INSTITUTION_A,txn_164943,0.18152,licit,False,0.5,CLEAR
d9e0effdd7e27635,2026-09-14T19:08:28.494815+00:00,INSTITUTION_A,txn_164944,0.185961,licit,False,0.5,CLEAR
7d67ccce90ae7fc7,2026-09-14T19:08:28.494834+00:00,INSTITUTION_A,txn_164960,0.236991,licit,False,0.5,CLEAR
51decfd88f227cd8,2026-09-14T19:08:28.494856+00:00,INSTITUTION_A,txn_164977,0.266601,licit,False,0.5,CLEAR
5976aefe206a740c,2026-09-14T19:08:28.494876+00:00,INSTITUTION_A,txn_164980,0.102725,licit,False,0.5,CLEAR
4aa3d363fdc53e6f,2026-09-14T19:08:28.494895+00:00,INSTITUTION_A,txn_164982,0.510685,illicit,True,0.5,ALERT_RAISED
f7cc292619a08fd7,2026-09-14T19:08:28.494930+00:00,INSTITUTION_A,txn_164984,0.209055,licit,False,0.5,CLEAR
e9bb115fa23ea8e7,2026-09-14T19:08:28.494950+00:00,INSTITUTION_A,txn_164993,0.020073,licit,False,0.5,CLEAR
1cd1315455362aa5,2026-09-14T19:08:28.494969+00:00,INSTITUTION_A,txn_165000,0.001262,licit,False,0.5,CLEAR
e7f5621d8a8f92fc,2026-09-14T19:08:28.494987+00:00,INSTITUTION_A,txn_165001,0.008822,licit,False,0.5,CLEAR
14f88ac51247a035,2026-09-14T19:08:28.495006+00:00,INSTITUTION_A,txn_165004,0.003538,licit,False,0.5,CLEAR
56d322d7e426d917,2026-09-14T19:08:28.495029+00:00,INSTITUTION_A,txn_165005,0.007886,licit,False,0.5,CLEAR
368a15e68deb0067,2026-09-14T19:08:28.495048+00:00,INSTITUTION_A,txn_165012,2e-06,licit,False,0.5,CLEAR
daece879f81d0de3,2026-09-14T19:08:28.495066+00:00,INSTITUTION_A,txn_165013,0.046252,licit,False,0.5,CLEAR
b3ee4d3ec2450ab0,2026-09-14T19:08:28.495085+00:00,INSTITUTION_A,txn_165016,0.072247,licit,False,0.5,CLEAR
efe4ed488420634f,2026-09-14T19:08:28.495103+00:00,INSTITUTION_A,txn_165017,0.476894,licit,False,0.5,CLEAR
6e5d4ab74a2a0017,2026-09-14T19:08:28.495122+00:00,INSTITUTION_A,txn_165030,2e-06,licit,False,0.5,CLEAR
622f925850b541c1,2026-09-14T19:08:28.495141+00:00,INSTITUTION_A,txn_165031,0.322014,licit,False,0.5,CLEAR
148cb5caabe82167,2026-09-14T19:08:28.495166+00:00,INSTITUTION_A,txn_165035,0.011726,licit,False,0.5,CLEAR
8d7b4d0cd00245a0,2026-09-14T19:08:28.495516+00:00,INSTITUTION_A,txn_165043,0.105494,licit,False,0.5,CLEAR
a0876abd7bea71fa,2026-09-14T19:08:28.495556+00:00,INSTITUTION_A,txn_165047,0.682884,illicit,True,0.5,ALERT_RAISED
7ca9ae461970688c,2026-09-14T19:08:28.495582+00:00,INSTITUTION_A,txn_165051,0.007764,licit,False,0.5,CLEAR
0e9c6a167f96ce2f,2026-09-14T19:08:28.495603+00:00,INSTITUTION_A,txn_165056,0.028282,licit,False,0.5,CLEAR
bbf965070eb690ac,2026-09-14T19:08:28.495622+00:00,INSTITUTION_A,txn_165057,3.3e-05,licit,False,0.5,CLEAR
0bafe4cc6ea8d10f,2026-09-14T19:08:28.495641+00:00,INSTITUTION_A,txn_165064,0.360498,licit,False,0.5,CLEAR
aa18a86296cd5346,2026-09-14T19:08:28.495682+00:00,INSTITUTION_A,txn_165078,0.594821,illicit,True,0.5,ALERT_RAISED
fb48dd6d9bd0b172,2026-09-14T19:08:28.495706+00:00,INSTITUTION_A,txn_165084,0.052991,licit,False,0.5,CLEAR
db4014715b55a160,2026-09-14T19:08:28.495729+00:00,INSTITUTION_A,txn_165086,0.187437,licit,False,0.5,CLEAR
748c1b17251ab37c,2026-09-14T19:08:28.495748+00:00,INSTITUTION_A,txn_165088,0.02871,licit,False,0.5,CLEAR
e239e5da300e6b77,2026-09-14T19:08:28.495782+00:00,INSTITUTION_A,txn_165092,0.001179,licit,False,0.5,CLEAR
ece029b918ea2d95,2026-09-14T19:08:28.495805+00:00,INSTITUTION_A,txn_165099,0.470894,licit,False,0.5,CLEAR
6914df850f76c106,2026-09-14T19:08:28.495823+00:00,INSTITUTION_A,txn_165101,0.214064,licit,False,0.5,CLEAR
ab42585a983178b1,2026-09-14T19:08:28.495842+00:00,INSTITUTION_A,txn_165106,0.38044,licit,False,0.5,CLEAR
30c5709aefcd0295,2026-09-14T19:08:28.495860+00:00,INSTITUTION_A,txn_165128,0.201483,licit,False,0.5,CLEAR
34da37e68f51a0e3,2026-09-14T19:10:14.453835+00:00,INSTITUTION_A,txn_164685,0.449224,licit,False,0.5,CLEAR
e5d563a230fe4122,2026-09-14T19:10:14.453920+00:00,INSTITUTION_A,txn_164691,0.003361,licit,False,0.5,CLEAR
4d6d11972fc90aeb,2026-09-14T19:10:14.453954+00:00,INSTITUTION_A,txn_164696,7e-06,licit,False,0.5,CLEAR
2109497f315fd8c5,2026-09-14T19:10:14.453983+00:00,INSTITUTION_A,txn_164698,0.048199,licit,False,0.5,CLEAR
23800ff95d3e5319,2026-09-14T19:10:14.454011+00:00,INSTITUTION_A,txn_164699,0.262237,licit,False,0.5,CLEAR
45b2ec1742a95157,2026-09-14T19:10:14.454033+00:00,INSTITUTION_A,txn_164701,0.408565,licit,False,0.5,CLEAR
9f09aaff1a253dbc,2026-09-14T19:10:14.454054+00:00,INSTITUTION_A,txn_164702,0.128075,licit,False,0.5,CLEAR
dce213ce1eaf62eb,2026-09-14T19:10:14.454074+00:00,INSTITUTION_A,txn_164708,0.360142,licit,False,0.5,CLEAR
9a0530972eecb49d,2026-09-14T19:10:14.454093+00:00,INSTITUTION_A,txn_164710,0.398616,licit,False,0.5,CLEAR
4b558dcda7e6f64c,2026-09-14T19:10:14.454113+00:00,INSTITUTION_A,txn_164717,0.008794,licit,False,0.5,CLEAR
0c21c9675d2c8efa,2026-09-14T19:10:14.454132+00:00,INSTITUTION_A,txn_164731,0.350005,licit,False,0.5,CLEAR
f7ddfc2e88887289,2026-09-14T19:10:14.454151+00:00,INSTITUTION_A,txn_164732,0.028545,licit,False,0.5,CLEAR
1b567ea9d990cd2a,2026-09-14T19:10:14.454186+00:00,INSTITUTION_A,txn_164736,0.070825,licit,False,0.5,CLEAR
49019d3d3061b4c6,2026-09-14T19:10:14.454212+00:00,INSTITUTION_A,txn_164746,0.048065,licit,False,0.5,CLEAR
67790feb58ea2c80,2026-09-14T19:10:14.454232+00:00,INSTITUTION_A,txn_164753,0.099203,licit,False,0.5,CLEAR
51c30a4a05025575,2026-09-14T19:10:14.454250+00:00,INSTITUTION_A,txn_164763,0.092049,licit,False,0.5,CLEAR
075d03aaf7e8c6b8,2026-09-14T19:10:14.454269+00:00,INSTITUTION_A,txn_164765,0.267173,licit,False,0.5,CLEAR
a45c9d32d4255080,2026-09-14T19:10:14.454287+00:00,INSTITUTION_A,txn_164767,0.189411,licit,False,0.5,CLEAR
0b9fec3b8261a601,2026-09-14T19:10:14.454308+00:00,INSTITUTION_A,txn_164773,0.687504,illicit,True,0.5,ALERT_RAISED
136164f8769b5408,2026-09-14T19:10:14.454329+00:00,INSTITUTION_A,txn_164774,0.704245,illicit,True,0.5,ALERT_RAISED
7ad4665bbf9e76d6,2026-09-14T19:10:14.454349+00:00,INSTITUTION_A,txn_164775,0.368706,licit,False,0.5,CLEAR
ed983412fe9ceeeb,2026-09-14T19:10:14.454369+00:00,INSTITUTION_A,txn_164776,0.575845,illicit,True,0.5,ALERT_RAISED
0e7fe10a7c75964d,2026-09-14T19:10:14.454392+00:00,INSTITUTION_A,txn_164778,0.369899,licit,False,0.5,CLEAR
33f651039d0e75ca,2026-09-14T19:10:14.454414+00:00,INSTITUTION_A,txn_164782,0.257866,licit,False,0.5,CLEAR
752a99c3dfbdd70d,2026-09-14T19:10:14.454437+00:00,INSTITUTION_A,txn_164800,0.705452,illicit,True,0.5,ALERT_RAISED
905f2e88d1db28f3,2026-09-14T19:10:14.454456+00:00,INSTITUTION_A,txn_164802,0.004541,licit,False,0.5,CLEAR
8f17179daaab0163,2026-09-14T19:10:14.454475+00:00,INSTITUTION_A,txn_164803,0.001867,licit,False,0.5,CLEAR
a57931e1468f931c,2026-09-14T19:10:14.454493+00:00,INSTITUTION_A,txn_164804,0.00926,licit,False,0.5,CLEAR
6baa99f1c2a0a050,2026-09-14T19:10:14.454510+00:00,INSTITUTION_A,txn_164805,0.308732,licit,False,0.5,CLEAR
d8ffcf2297dffc75,2026-09-14T19:10:14.454528+00:00,INSTITUTION_A,txn_164806,0.228499,licit,False,0.5,CLEAR
73cc79dd129ccd42,2026-09-14T19:10:14.454546+00:00,INSTITUTION_A,txn_164809,0.006991,licit,False,0.5,CLEAR
0eb53f71909c9922,2026-09-14T19:10:14.454568+00:00,INSTITUTION_A,txn_164811,0.002278,licit,False,0.5,CLEAR
a2b75aebecd128cf,2026-09-14T19:10:14.454603+00:00,INSTITUTION_A,txn_164813,0.517218,illicit,True,0.5,ALERT_RAISED
1165ec93c51e5371,2026-09-14T19:10:14.454626+00:00,INSTITUTION_A,txn_164818,0.193076,licit,False,0.5,CLEAR
8cd9e79349a1bb88,2026-09-14T19:10:14.454645+00:00,INSTITUTION_A,txn_164825,0.274398,licit,False,0.5,CLEAR
6cfdc46e3e128b1d,2026-09-14T19:10:14.454662+00:00,INSTITUTION_A,txn_164826,0.250375,licit,False,0.5,CLEAR
24068844417c551d,2026-09-14T19:10:14.454679+00:00,INSTITUTION_A,txn_164830,0.069419,licit,False,0.5,CLEAR
64acb941069bef9f,2026-09-14T19:10:14.454696+00:00,INSTITUTION_A,txn_164831,0.535996,illicit,True,0.5,ALERT_RAISED
e481d1e21b741068,2026-09-14T19:10:14.454714+00:00,INSTITUTION_A,txn_164832,0.530959,illicit,True,0.5,ALERT_RAISED
5ead8c417f461c46,2026-09-14T19:10:14.454731+00:00,INSTITUTION_A,txn_164841,0.232032,licit,False,0.5,CLEAR
5be7b72f3965b455,2026-09-14T19:10:14.454753+00:00,INSTITUTION_A,txn_164842,0.000544,licit,False,0.5,CLEAR
a8cb28e986c3d346,2026-09-14T19:10:14.454771+00:00,INSTITUTION_A,txn_164849,0.11929,licit,False,0.5,CLEAR
a0ec3fd23088dc2b,2026-09-14T19:10:14.454794+00:00,INSTITUTION_A,txn_164850,0.385935,licit,False,0.5,CLEAR
e34af1b8e887c133,2026-09-14T19:10:14.454812+00:00,INSTITUTION_A,txn_164852,0.525164,illicit,True,0.5,ALERT_RAISED
b0a59427c1035e31,2026-09-14T19:10:14.454829+00:00,INSTITUTION_A,txn_164861,1e-06,licit,False,0.5,CLEAR
ed619744cd1ff26a,2026-09-14T19:10:14.454846+00:00,INSTITUTION_A,txn_164868,0.607677,illicit,True,0.5,ALERT_RAISED
64e1cbe8004022dd,2026-09-14T19:10:14.454863+00:00,INSTITUTION_A,txn_164876,1.5e-05,licit,False,0.5,CLEAR
84a407d4745696aa,2026-09-14T19:10:14.454880+00:00,INSTITUTION_A,txn_164877,0.386325,licit,False,0.5,CLEAR
c78461363d3dbeb7,2026-09-14T19:10:14.454898+00:00,INSTITUTION_A,txn_164883,0.11625,licit,False,0.5,CLEAR
5fc0dac650b27ce1,2026-09-14T19:10:14.454916+00:00,INSTITUTION_A,txn_164884,0.059855,licit,False,0.5,CLEAR
6538017be932f4d0,2026-09-14T19:10:14.454933+00:00,INSTITUTION_A,txn_164886,7e-06,licit,False,0.5,CLEAR
5322f6c9ef3f9529,2026-09-14T19:10:14.454963+00:00,INSTITUTION_A,txn_164893,0.099582,licit,False,0.5,CLEAR
91a2628019885210,2026-09-14T19:10:14.454983+00:00,INSTITUTION_A,txn_164894,0.002792,licit,False,0.5,CLEAR
88a9fc1aafae2cc3,2026-09-14T19:10:14.455006+00:00,INSTITUTION_A,txn_164896,0.098741,licit,False,0.5,CLEAR
1875e3e937b1c9af,2026-09-14T19:10:14.455025+00:00,INSTITUTION_A,txn_164897,0.275533,licit,False,0.5,CLEAR
108cabdf42030c1f,2026-09-14T19:10:14.455043+00:00,INSTITUTION_A,txn_164898,0.180161,licit,False,0.5,CLEAR
02a0861d9ab68366,2026-09-14T19:10:14.455061+00:00,INSTITUTION_A,txn_164903,0.002004,licit,False,0.5,CLEAR
2e3a24a4c0b9281c,2026-09-14T19:10:14.455078+00:00,INSTITUTION_A,txn_164904,0.091683,licit,False,0.5,CLEAR
9c2846d648ed6219,2026-09-14T19:10:14.455096+00:00,INSTITUTION_A,txn_164907,0.047485,licit,False,0.5,CLEAR
4ffc3e65c8ce6392,2026-09-14T19:10:14.455113+00:00,INSTITUTION_A,txn_164908,0.049755,licit,False,0.5,CLEAR
b64039fdddbccc9c,2026-09-14T19:10:14.455131+00:00,INSTITUTION_A,txn_164912,0.617996,illicit,True,0.5,ALERT_RAISED
5183ca0f0c18f5ce,2026-09-14T19:10:14.455152+00:00,INSTITUTION_A,txn_164914,0.423104,licit,False,0.5,CLEAR
b524c23fc98a870c,2026-09-14T19:10:14.455170+00:00,INSTITUTION_A,txn_164927,0.617553,illicit,True,0.5,ALERT_RAISED
16daab576601a496,2026-09-14T19:10:14.455187+00:00,INSTITUTION_A,txn_164929,0.146637,licit,False,0.5,CLEAR
3e5d2a167a1b1ad8,2026-09-14T19:10:14.455205+00:00,INSTITUTION_A,txn_164930,0.007152,licit,False,0.5,CLEAR
617f0b9d8e1f4a3d,2026-09-14T19:10:14.455223+00:00,INSTITUTION_A,txn_164942,0.59113,illicit,True,0.5,ALERT_RAISED
1443b0845f499125,2026-09-14T19:10:14.455241+00:00,INSTITUTION_A,txn_164943,0.18152,licit,False,0.5,CLEAR
7bbeec07c1ca4f54,2026-09-14T19:10:14.455263+00:00,INSTITUTION_A,txn_164944,0.185961,licit,False,0.5,CLEAR
e34839da6b69030d,2026-09-14T19:10:14.455281+00:00,INSTITUTION_A,txn_164960,0.236991,licit,False,0.5,CLEAR
77496f190dbfe94b,2026-09-14T19:10:14.455307+00:00,INSTITUTION_A,txn_164977,0.266601,licit,False,0.5,CLEAR
09039e02c1fb6fd2,2026-09-14T19:10:14.455331+00:00,INSTITUTION_A,txn_164980,0.102725,licit,False,0.5,CLEAR
8343cd4df41574f3,2026-09-14T19:10:14.455369+00:00,INSTITUTION_A,txn_164982,0.510685,illicit,True,0.5,ALERT_RAISED
aa93224f63931dad,2026-09-14T19:10:14.455395+00:00,INSTITUTION_A,txn_164984,0.209055,licit,False,0.5,CLEAR
7193e7fb8743eb1e,2026-09-14T19:10:14.455434+00:00,INSTITUTION_A,txn_164993,0.020073,licit,False,0.5,CLEAR
a974275cfb003d89,2026-09-14T19:10:14.455460+00:00,INSTITUTION_A,txn_165000,0.001262,licit,False,0.5,CLEAR
5c543a903cfbf4ce,2026-09-14T19:10:14.455486+00:00,INSTITUTION_A,txn_165001,0.008822,licit,False,0.5,CLEAR
f27370418a8f81a8,2026-09-14T19:10:14.455503+00:00,INSTITUTION_A,txn_165004,0.003538,licit,False,0.5,CLEAR
fa9baa1eb78e7bcd,2026-09-14T19:10:14.455522+00:00,INSTITUTION_A,txn_165005,0.007886,licit,False,0.5,CLEAR
88402b1e83f3a7ac,2026-09-14T19:10:14.455544+00:00,INSTITUTION_A,txn_165012,2e-06,licit,False,0.5,CLEAR
0d3f758bb6dfbdfe,2026-09-14T19:10:14.455562+00:00,INSTITUTION_A,txn_165013,0.046252,licit,False,0.5,CLEAR
dc434f4d85dbb955,2026-09-14T19:10:14.455579+00:00,INSTITUTION_A,txn_165016,0.072247,licit,False,0.5,CLEAR
0472f608da62dc05,2026-09-14T19:10:14.455596+00:00,INSTITUTION_A,txn_165017,0.476894,licit,False,0.5,CLEAR
00e8bee3678870b9,2026-09-14T19:10:14.455614+00:00,INSTITUTION_A,txn_165030,2e-06,licit,False,0.5,CLEAR
e25ccff504e1e6fd,2026-09-14T19:10:14.455632+00:00,INSTITUTION_A,txn_165031,0.322014,licit,False,0.5,CLEAR
2cd791c5614aa71f,2026-09-14T19:10:14.455650+00:00,INSTITUTION_A,txn_165035,0.011726,licit,False,0.5,CLEAR
6c221de56f4f23c5,2026-09-14T19:10:14.455668+00:00,INSTITUTION_A,txn_165043,0.105494,licit,False,0.5,CLEAR
dd2d1f5d7445a838,2026-09-14T19:10:14.455686+00:00,INSTITUTION_A,txn_165047,0.682884,illicit,True,0.5,ALERT_RAISED
873b7ffa2fbe11fe,2026-09-14T19:10:14.455704+00:00,INSTITUTION_A,txn_165051,0.007764,licit,False,0.5,CLEAR
e3fa269fd9941c91,2026-09-14T19:10:14.455721+00:00,INSTITUTION_A,txn_165056,0.028282,licit,False,0.5,CLEAR
8e4ef08c4a2b5814,2026-09-14T19:10:14.455753+00:00,INSTITUTION_A,txn_165057,3.3e-05,licit,False,0.5,CLEAR
bd01917aba8da510,2026-09-14T19:10:14.455770+00:00,INSTITUTION_A,txn_165064,0.360498,licit,False,0.5,CLEAR
50f9be88c06b55c5,2026-09-14T19:10:14.455787+00:00,INSTITUTION_A,txn_165078,0.594821,illicit,True,0.5,ALERT_RAISED
327df7f1b78e35cc,2026-09-14T19:10:14.455803+00:00,INSTITUTION_A,txn_165084,0.052991,licit,False,0.5,CLEAR
2a8667460dc65221,2026-09-14T19:10:14.455827+00:00,INSTITUTION_A,txn_165086,0.187437,licit,False,0.5,CLEAR
19b3cf140bfa510e,2026-09-14T19:10:14.455845+00:00,INSTITUTION_A,txn_165088,0.02871,licit,False,0.5,CLEAR
e2943866503e5f54,2026-09-14T19:10:14.455862+00:00,INSTITUTION_A,txn_165092,0.001179,licit,False,0.5,CLEAR
022118087c461971,2026-09-14T19:10:14.455879+00:00,INSTITUTION_A,txn_165099,0.470894,licit,False,0.5,CLEAR
939f402b9297b8ca,2026-09-14T19:10:14.455896+00:00,INSTITUTION_A,txn_165101,0.214064,licit,False,0.5,CLEAR
b27f9f3c056938a5,2026-09-14T19:10:14.455913+00:00,INSTITUTION_A,txn_165106,0.38044,licit,False,0.5,CLEAR
fcc76be6245bd90f,2026-09-14T19:10:14.455931+00:00,INSTITUTION_A,txn_165128,0.201483,licit,False,0.5,CLEAR
35edf3a835b109de,2026-09-14T19:12:19.161843+00:00,INSTITUTION_A,txn_164685,0.449224,licit,False,0.5,CLEAR
250e4892cf627fee,2026-09-14T19:12:19.161930+00:00,INSTITUTION_A,txn_164691,0.003361,licit,False,0.5,CLEAR
30742622246771cd,2026-09-14T19:12:19.161961+00:00,INSTITUTION_A,txn_164696,7e-06,licit,False,0.5,CLEAR
355eabac0123974b,2026-09-14T19:12:19.161989+00:00,INSTITUTION_A,txn_164698,0.048199,licit,False,0.5,CLEAR
1f5c44d3c8537870,2026-09-14T19:12:19.162012+00:00,INSTITUTION_A,txn_164699,0.262237,licit,False,0.5,CLEAR
5c9509bbe43f40f0,2026-09-14T19:12:19.162036+00:00,INSTITUTION_A,txn_164701,0.408565,licit,False,0.5,CLEAR
5315bb522d7d0837,2026-09-14T19:12:19.162062+00:00,INSTITUTION_A,txn_164702,0.128075,licit,False,0.5,CLEAR
37e620fe76422ec4,2026-09-14T19:12:19.162089+00:00,INSTITUTION_A,txn_164708,0.360142,licit,False,0.5,CLEAR
68c937438cad193d,2026-09-14T19:12:19.162112+00:00,INSTITUTION_A,txn_164710,0.398616,licit,False,0.5,CLEAR
71bf4b5298a1901a,2026-09-14T19:12:19.162139+00:00,INSTITUTION_A,txn_164717,0.008794,licit,False,0.5,CLEAR
e7e83eaee79fd6d3,2026-09-14T19:12:19.162167+00:00,INSTITUTION_A,txn_164731,0.350005,licit,False,0.5,CLEAR
3c14c469fd333bdd,2026-09-14T19:12:19.162187+00:00,INSTITUTION_A,txn_164732,0.028545,licit,False,0.5,CLEAR
5f3a73faca9dec05,2026-09-14T19:12:19.162212+00:00,INSTITUTION_A,txn_164736,0.070825,licit,False,0.5,CLEAR
d5eeecf35af9d79c,2026-09-14T19:12:19.162239+00:00,INSTITUTION_A,txn_164746,0.048065,licit,False,0.5,CLEAR
5b91411672c25655,2026-09-14T19:12:19.162268+00:00,INSTITUTION_A,txn_164753,0.099203,licit,False,0.5,CLEAR
2e6b1885797dc061,2026-09-14T19:12:19.162294+00:00,INSTITUTION_A,txn_164763,0.092049,licit,False,0.5,CLEAR
a88b10be4f854cbc,2026-09-14T19:12:19.162313+00:00,INSTITUTION_A,txn_164765,0.267173,licit,False,0.5,CLEAR
6b3ddc835fb8d152,2026-09-14T19:12:19.162340+00:00,INSTITUTION_A,txn_164767,0.189411,licit,False,0.5,CLEAR
0d3f1a69da772775,2026-09-14T19:12:19.162372+00:00,INSTITUTION_A,txn_164773,0.687504,illicit,True,0.5,ALERT_RAISED
046171f913d61de4,2026-09-14T19:12:19.162400+00:00,INSTITUTION_A,txn_164774,0.704245,illicit,True,0.5,ALERT_RAISED
0fcbcc6db4d50d27,2026-09-14T19:12:19.162449+00:00,INSTITUTION_A,txn_164775,0.368706,licit,False,0.5,CLEAR
85d4b73e897361db,2026-09-14T19:12:19.162474+00:00,INSTITUTION_A,txn_164776,0.575845,illicit,True,0.5,ALERT_RAISED
44fe5b805fd43396,2026-09-14T19:12:19.162494+00:00,INSTITUTION_A,txn_164778,0.369899,licit,False,0.5,CLEAR
665fcb78c3b5c9f3,2026-09-14T19:12:19.162518+00:00,INSTITUTION_A,txn_164782,0.257866,licit,False,0.5,CLEAR
949926cf9c852cde,2026-09-14T19:12:19.162537+00:00,INSTITUTION_A,txn_164800,0.705452,illicit,True,0.5,ALERT_RAISED
37ce9ddad1d5afa2,2026-09-14T19:12:19.162559+00:00,INSTITUTION_A,txn_164802,0.004541,licit,False,0.5,CLEAR
72a4c5bb3c3b6319,2026-09-14T19:12:19.162578+00:00,INSTITUTION_A,txn_164803,0.001867,licit,False,0.5,CLEAR
9e6e19e615457dde,2026-09-14T19:12:19.162605+00:00,INSTITUTION_A,txn_164804,0.00926,licit,False,0.5,CLEAR
bd55fb99957fe0e8,2026-09-14T19:12:19.162630+00:00,INSTITUTION_A,txn_164805,0.308732,licit,False,0.5,CLEAR
f4e1ca6d812dbd30,2026-09-14T19:12:19.162653+00:00,INSTITUTION_A,txn_164806,0.228499,licit,False,0.5,CLEAR
a43400f135d54dab,2026-09-14T19:12:19.162679+00:00,INSTITUTION_A,txn_164809,0.006991,licit,False,0.5,CLEAR
3467c5e3dce4302e,2026-09-14T19:12:19.162705+00:00,INSTITUTION_A,txn_164811,0.002278,licit,False,0.5,CLEAR
d35ca91d8401fb58,2026-09-14T19:12:19.162723+00:00,INSTITUTION_A,txn_164813,0.517218,illicit,True,0.5,ALERT_RAISED
606ebe67741ca0ed,2026-09-14T19:12:19.162746+00:00,INSTITUTION_A,txn_164818,0.193076,licit,False,0.5,CLEAR
6de2b2e8f3ad9e15,2026-09-14T19:12:19.162764+00:00,INSTITUTION_A,txn_164825,0.274398,licit,False,0.5,CLEAR
8ed5cb5f2a143171,2026-09-14T19:12:19.162783+00:00,INSTITUTION_A,txn_164826,0.250375,licit,False,0.5,CLEAR
9525c7e14a1d2a52,2026-09-14T19:12:19.162805+00:00,INSTITUTION_A,txn_164830,0.069419,licit,False,0.5,CLEAR
3aedd64ef23d6630,2026-09-14T19:12:19.162828+00:00,INSTITUTION_A,txn_164831,0.535996,illicit,True,0.5,ALERT_RAISED
44bda0e3dfe78ea6,2026-09-14T19:12:19.162846+00:00,INSTITUTION_A,txn_164832,0.530959,illicit,True,0.5,ALERT_RAISED
31de44e70e30e9c7,2026-09-14T19:12:19.162868+00:00,INSTITUTION_A,txn_164841,0.232032,licit,False,0.5,CLEAR
a31e825ba2bc6d49,2026-09-14T19:12:19.162890+00:00,INSTITUTION_A,txn_164842,0.000544,licit,False,0.5,CLEAR
4214a674a04d3e93,2026-09-14T19:12:19.162913+00:00,INSTITUTION_A,txn_164849,0.11929,licit,False,0.5,CLEAR
61a79cb3fa4b8bd9,2026-09-14T19:12:19.162935+00:00,INSTITUTION_A,txn_164850,0.385935,licit,False,0.5,CLEAR
ee08cdba15dba18e,2026-09-14T19:12:19.162957+00:00,INSTITUTION_A,txn_164852,0.525164,illicit,True,0.5,ALERT_RAISED
4a5006d8177bedba,2026-09-14T19:12:19.162979+00:00,INSTITUTION_A,txn_164861,1e-06,licit,False,0.5,CLEAR
bee5291ea7661358,2026-09-14T19:12:19.163004+00:00,INSTITUTION_A,txn_164868,0.607677,illicit,True,0.5,ALERT_RAISED
a8719faee50d9a5f,2026-09-14T19:12:19.163022+00:00,INSTITUTION_A,txn_164876,1.5e-05,licit,False,0.5,CLEAR
50986c8c6d947b0e,2026-09-14T19:12:19.163044+00:00,INSTITUTION_A,txn_164877,0.386325,licit,False,0.5,CLEAR
8efa7d9f0802b7f3,2026-09-14T19:12:19.163067+00:00,INSTITUTION_A,txn_164883,0.11625,licit,False,0.5,CLEAR
65ba60be15a9a6bb,2026-09-14T19:12:19.163085+00:00,INSTITUTION_A,txn_164884,0.059855,licit,False,0.5,CLEAR
1581c3d348a0c738,2026-09-14T19:12:19.163103+00:00,INSTITUTION_A,txn_164886,7e-06,licit,False,0.5,CLEAR
a390ceea7dc30dd7,2026-09-14T19:12:19.163121+00:00,INSTITUTION_A,txn_164893,0.099582,licit,False,0.5,CLEAR
8c80bb060a52b649,2026-09-14T19:12:19.163138+00:00,INSTITUTION_A,txn_164894,0.002792,licit,False,0.5,CLEAR
8e0f391f9f35d46a,2026-09-14T19:12:19.163157+00:00,INSTITUTION_A,txn_164896,0.098741,licit,False,0.5,CLEAR
c0e4f4961294db6c,2026-09-14T19:12:19.163175+00:00,INSTITUTION_A,txn_164897,0.275533,licit,False,0.5,CLEAR
f666b16f55a93280,2026-09-14T19:12:19.163193+00:00,INSTITUTION_A,txn_164898,0.180161,licit,False,0.5,CLEAR
f0fcac3aef1a48c5,2026-09-14T19:12:19.163211+00:00,INSTITUTION_A,txn_164903,0.002004,licit,False,0.5,CLEAR
5857ddf60125c4ff,2026-09-14T19:12:19.163229+00:00,INSTITUTION_A,txn_164904,0.091683,licit,False,0.5,CLEAR
597d0abdbb69d6f5,2026-09-14T19:12:19.163247+00:00,INSTITUTION_A,txn_164907,0.047485,licit,False,0.5,CLEAR
c38ecd2e3e48f781,2026-09-14T19:12:19.163265+00:00,INSTITUTION_A,txn_164908,0.049755,licit,False,0.5,CLEAR
e85a6fb6c50414d4,2026-09-14T19:12:19.163282+00:00,INSTITUTION_A,txn_164912,0.617996,illicit,True,0.5,ALERT_RAISED
eca01ce643e6ffc9,2026-09-14T19:12:19.163301+00:00,INSTITUTION_A,txn_164914,0.423104,licit,False,0.5,CLEAR
647d682a8a7d4b25,2026-09-14T19:12:19.163320+00:00,INSTITUTION_A,txn_164927,0.617553,illicit,True,0.5,ALERT_RAISED
1aaaeb48a3659536,2026-09-14T19:12:19.163337+00:00,INSTITUTION_A,txn_164929,0.146637,licit,False,0.5,CLEAR
7bc43887bde06518,2026-09-14T19:12:19.163356+00:00,INSTITUTION_A,txn_164930,0.007152,licit,False,0.5,CLEAR
5783d3cb43c79789,2026-09-14T19:12:19.163377+00:00,INSTITUTION_A,txn_164942,0.59113,illicit,True,0.5,ALERT_RAISED
b843af4255bddd74,2026-09-14T19:12:19.163394+00:00,INSTITUTION_A,txn_164943,0.18152,licit,False,0.5,CLEAR
01480cce24aa72ed,2026-09-14T19:12:19.163417+00:00,INSTITUTION_A,txn_164944,0.185961,licit,False,0.5,CLEAR
57df8672b8fc6f32,2026-09-14T19:12:19.163439+00:00,INSTITUTION_A,txn_164960,0.236991,licit,False,0.5,CLEAR
89d6530b241ccc93,2026-09-14T19:12:19.163462+00:00,INSTITUTION_A,txn_164977,0.266601,licit,False,0.5,CLEAR
a6122e5d778f4e21,2026-09-14T19:12:19.163484+00:00,INSTITUTION_A,txn_164980,0.102725,licit,False,0.5,CLEAR
cd8d1ecbd79b50b2,2026-09-14T19:12:19.163502+00:00,INSTITUTION_A,txn_164982,0.510685,illicit,True,0.5,ALERT_RAISED
09f73fa66007bd60,2026-09-14T19:12:19.163520+00:00,INSTITUTION_A,txn_164984,0.209055,licit,False,0.5,CLEAR
17914f6255329f78,2026-09-14T19:12:19.163538+00:00,INSTITUTION_A,txn_164993,0.020073,licit,False,0.5,CLEAR
f994c756d98e1275,2026-09-14T19:12:19.163556+00:00,INSTITUTION_A,txn_165000,0.001262,licit,False,0.5,CLEAR
6dd48125e79fff9b,2026-09-14T19:12:19.163577+00:00,INSTITUTION_A,txn_165001,0.008822,licit,False,0.5,CLEAR
644bfce87bd61298,2026-09-14T19:12:19.163594+00:00,INSTITUTION_A,txn_165004,0.003538,licit,False,0.5,CLEAR
2afd52743b1e8767,2026-09-14T19:12:19.163617+00:00,INSTITUTION_A,txn_165005,0.007886,licit,False,0.5,CLEAR
444bbd2c21721d61,2026-09-14T19:12:19.163642+00:00,INSTITUTION_A,txn_165012,2e-06,licit,False,0.5,CLEAR
ec2798f3455dc196,2026-09-14T19:12:19.163661+00:00,INSTITUTION_A,txn_165013,0.046252,licit,False,0.5,CLEAR
a65b506bf045ff93,2026-09-14T19:12:19.163679+00:00,INSTITUTION_A,txn_165016,0.072247,licit,False,0.5,CLEAR
0bc884c81b9fdcbd,2026-09-14T19:12:19.163705+00:00,INSTITUTION_A,txn_165017,0.476894,licit,False,0.5,CLEAR
f94ce4061ec4784a,2026-09-14T19:12:19.163723+00:00,INSTITUTION_A,txn_165030,2e-06,licit,False,0.5,CLEAR
5d1c817496e21086,2026-09-14T19:12:19.163744+00:00,INSTITUTION_A,txn_165031,0.322014,licit,False,0.5,CLEAR
b1d4eb9026068f42,2026-09-14T19:12:19.163770+00:00,INSTITUTION_A,txn_165035,0.011726,licit,False,0.5,CLEAR
d89ee4f63769ecb0,2026-09-14T19:12:19.163792+00:00,INSTITUTION_A,txn_165043,0.105494,licit,False,0.5,CLEAR
2e6957343246835e,2026-09-14T19:12:19.163810+00:00,INSTITUTION_A,txn_165047,0.682884,illicit,True,0.5,ALERT_RAISED
48a01c366bb6d7b5,2026-09-14T19:12:19.163827+00:00,INSTITUTION_A,txn_165051,0.007764,licit,False,0.5,CLEAR
25e63f6cad069c2e,2026-09-14T19:12:19.163844+00:00,INSTITUTION_A,txn_165056,0.028282,licit,False,0.5,CLEAR
b9f1eed475dcc16a,2026-09-14T19:12:19.163869+00:00,INSTITUTION_A,txn_165057,3.3e-05,licit,False,0.5,CLEAR
cd37136cd272c37d,2026-09-14T19:12:19.163891+00:00,INSTITUTION_A,txn_165064,0.360498,licit,False,0.5,CLEAR
98dfd7feb3bd77ad,2026-09-14T19:12:19.163918+00:00,INSTITUTION_A,txn_165078,0.594821,illicit,True,0.5,ALERT_RAISED
a555f64a135586d8,2026-09-14T19:12:19.163940+00:00,INSTITUTION_A,txn_165084,0.052991,licit,False,0.5,CLEAR
2db8c0f2c6b3bf4f,2026-09-14T19:12:19.163960+00:00,INSTITUTION_A,txn_165086,0.187437,licit,False,0.5,CLEAR
95b97f6bd44d8407,2026-09-14T19:12:19.163977+00:00,INSTITUTION_A,txn_165088,0.02871,licit,False,0.5,CLEAR
404f7df7a130aaef,2026-09-14T19:12:19.163994+00:00,INSTITUTION_A,txn_165092,0.001179,licit,False,0.5,CLEAR
b9c82496a21139ee,2026-09-14T19:12:19.164012+00:00,INSTITUTION_A,txn_165099,0.470894,licit,False,0.5,CLEAR
736cfaae6cec89bd,2026-09-14T19:12:19.164029+00:00,INSTITUTION_A,txn_165101,0.214064,licit,False,0.5,CLEAR
a0a13c0911f56c1e,2026-09-14T19:12:19.164046+00:00,INSTITUTION_A,txn_165106,0.38044,licit,False,0.5,CLEAR
90c94c77ece0d72a,2026-09-14T19:12:19.164064+00:00,INSTITUTION_A,txn_165128,0.201483,licit,False,0.5,CLEAR
a3b734be5725fc42,2026-09-14T19:13:59.625645+00:00,INSTITUTION_A,txn_164685,0.449224,licit,False,0.5,CLEAR
5c1f3606e76ded0d,2026-09-14T19:13:59.625699+00:00,INSTITUTION_A,txn_164691,0.003361,licit,False,0.5,CLEAR
1534e1b0a3b3ddda,2026-09-14T19:13:59.625718+00:00,INSTITUTION_A,txn_164696,7e-06,licit,False,0.5,CLEAR
310ea12d1a5e8016,2026-09-14T19:13:59.625730+00:00,INSTITUTION_A,txn_164698,0.048199,licit,False,0.5,CLEAR
df21b892a4638192,2026-09-14T19:13:59.625748+00:00,INSTITUTION_A,txn_164699,0.262237,licit,False,0.5,CLEAR
228b68076d1d875a,2026-09-14T19:13:59.625760+00:00,INSTITUTION_A,txn_164701,0.408565,licit,False,0.5,CLEAR
99132ae758c8e737,2026-09-14T19:13:59.625772+00:00,INSTITUTION_A,txn_164702,0.128075,licit,False,0.5,CLEAR
54553e8b52b78a9e,2026-09-14T19:13:59.625783+00:00,INSTITUTION_A,txn_164708,0.360142,licit,False,0.5,CLEAR
3c57401f1ca6cdbc,2026-09-14T19:13:59.625793+00:00,INSTITUTION_A,txn_164710,0.398616,licit,False,0.5,CLEAR
7b404638e1249980,2026-09-14T19:13:59.625804+00:00,INSTITUTION_A,txn_164717,0.008794,licit,False,0.5,CLEAR
a3ef1938cda377f0,2026-09-14T19:13:59.625814+00:00,INSTITUTION_A,txn_164731,0.350005,licit,False,0.5,CLEAR
dcc2874e746d5638,2026-09-14T19:13:59.625826+00:00,INSTITUTION_A,txn_164732,0.028545,licit,False,0.5,CLEAR
74e52f520384ac3a,2026-09-14T19:13:59.625843+00:00,INSTITUTION_A,txn_164736,0.070825,licit,False,0.5,CLEAR
89289408afcb8697,2026-09-14T19:13:59.625855+00:00,INSTITUTION_A,txn_164746,0.048065,licit,False,0.5,CLEAR
d3489fcdf4b946da,2026-09-14T19:13:59.625865+00:00,INSTITUTION_A,txn_164753,0.099203,licit,False,0.5,CLEAR
c83cdcfc5e0f7148,2026-09-14T19:13:59.625876+00:00,INSTITUTION_A,txn_164763,0.092049,licit,False,0.5,CLEAR
70aba614e22e28f9,2026-09-14T19:13:59.625885+00:00,INSTITUTION_A,txn_164765,0.267173,licit,False,0.5,CLEAR
7ee06393f03953de,2026-09-14T19:13:59.625896+00:00,INSTITUTION_A,txn_164767,0.189411,licit,False,0.5,CLEAR
e880ca56ad9e4f7f,2026-09-14T19:13:59.625908+00:00,INSTITUTION_A,txn_164773,0.687504,illicit,True,0.5,ALERT_RAISED
693ba0f517bee27f,2026-09-14T19:13:59.625921+00:00,INSTITUTION_A,txn_164774,0.704245,illicit,True,0.5,ALERT_RAISED
1152aee17e77810b,2026-09-14T19:13:59.625931+00:00,INSTITUTION_A,txn_164775,0.368706,licit,False,0.5,CLEAR
bc033b3efb64c3c0,2026-09-14T19:13:59.625942+00:00,INSTITUTION_A,txn_164776,0.575845,illicit,True,0.5,ALERT_RAISED
f2fdd52f520c088d,2026-09-14T19:13:59.625963+00:00,INSTITUTION_A,txn_164778,0.369899,licit,False,0.5,CLEAR
d52b2aa47808d333,2026-09-14T19:13:59.625975+00:00,INSTITUTION_A,txn_164782,0.257866,licit,False,0.5,CLEAR
4a75ce31baa05626,2026-09-14T19:13:59.625986+00:00,INSTITUTION_A,txn_164800,0.705452,illicit,True,0.5,ALERT_RAISED
6ad7f41893e241ad,2026-09-14T19:13:59.625996+00:00,INSTITUTION_A,txn_164802,0.004541,licit,False,0.5,CLEAR
fb5784fdb7b02d6a,2026-09-14T19:13:59.626007+00:00,INSTITUTION_A,txn_164803,0.001867,licit,False,0.5,CLEAR
9c0610d3a78a8e7a,2026-09-14T19:13:59.626017+00:00,INSTITUTION_A,txn_164804,0.00926,licit,False,0.5,CLEAR
f7cff31a5292022c,2026-09-14T19:13:59.626028+00:00,INSTITUTION_A,txn_164805,0.308732,licit,False,0.5,CLEAR
ba97721704c4feeb,2026-09-14T19:13:59.626038+00:00,INSTITUTION_A,txn_164806,0.228499,licit,False,0.5,CLEAR
a9f4a41d952d7b92,2026-09-14T19:13:59.626049+00:00,INSTITUTION_A,txn_164809,0.006991,licit,False,0.5,CLEAR
92294a2900fa629c,2026-09-14T19:13:59.626059+00:00,INSTITUTION_A,txn_164811,0.002278,licit,False,0.5,CLEAR
a88d827968b77e39,2026-09-14T19:13:59.626075+00:00,INSTITUTION_A,txn_164813,0.517218,illicit,True,0.5,ALERT_RAISED
dbac64a4e66a3422,2026-09-14T19:13:59.626086+00:00,INSTITUTION_A,txn_164818,0.193076,licit,False,0.5,CLEAR
8073c84c77d868a7,2026-09-14T19:13:59.626112+00:00,INSTITUTION_A,txn_164825,0.274398,licit,False,0.5,CLEAR
6b2cc660081938b9,2026-09-14T19:13:59.626129+00:00,INSTITUTION_A,txn_164826,0.250375,licit,False,0.5,CLEAR
3a7a982c7e186483,2026-09-14T19:13:59.626139+00:00,INSTITUTION_A,txn_164830,0.069419,licit,False,0.5,CLEAR
4f043cb35d96311c,2026-09-14T19:13:59.626149+00:00,INSTITUTION_A,txn_164831,0.535996,illicit,True,0.5,ALERT_RAISED
36f524f91b5e615b,2026-09-14T19:13:59.626160+00:00,INSTITUTION_A,txn_164832,0.530959,illicit,True,0.5,ALERT_RAISED
a25fb692f3b3ba3f,2026-09-14T19:13:59.626170+00:00,INSTITUTION_A,txn_164841,0.232032,licit,False,0.5,CLEAR
bd97a77c921c7fdf,2026-09-14T19:13:59.626186+00:00,INSTITUTION_A,txn_164842,0.000544,licit,False,0.5,CLEAR
2635dc19d6ba6d38,2026-09-14T19:13:59.626197+00:00,INSTITUTION_A,txn_164849,0.11929,licit,False,0.5,CLEAR
117bc039052c3c76,2026-09-14T19:13:59.626208+00:00,INSTITUTION_A,txn_164850,0.385935,licit,False,0.5,CLEAR
cd51a171109ee616,2026-09-14T19:13:59.626218+00:00,INSTITUTION_A,txn_164852,0.525164,illicit,True,0.5,ALERT_RAISED
9c42a2a763d65034,2026-09-14T19:13:59.626229+00:00,INSTITUTION_A,txn_164861,1e-06,licit,False,0.5,CLEAR
accfe36a74921cdb,2026-09-14T19:13:59.626240+00:00,INSTITUTION_A,txn_164868,0.607677,illicit,True,0.5,ALERT_RAISED
b9b3bb2e3398cb1c,2026-09-14T19:13:59.626251+00:00,INSTITUTION_A,txn_164876,1.5e-05,licit,False,0.5,CLEAR
15c40a3467881df5,2026-09-14T19:13:59.626262+00:00,INSTITUTION_A,txn_164877,0.386325,licit,False,0.5,CLEAR
0333232f3a63ac18,2026-09-14T19:13:59.626274+00:00,INSTITUTION_A,txn_164883,0.11625,licit,False,0.5,CLEAR
6e26a244613d816d,2026-09-14T19:13:59.626285+00:00,INSTITUTION_A,txn_164884,0.059855,licit,False,0.5,CLEAR
3c8dbc7eff848af1,2026-09-14T19:13:59.626296+00:00,INSTITUTION_A,txn_164886,7e-06,licit,False,0.5,CLEAR
7fdffd5e8ee8936c,2026-09-14T19:13:59.626306+00:00,INSTITUTION_A,txn_164893,0.099582,licit,False,0.5,CLEAR
68186d77e763c201,2026-09-14T19:13:59.626317+00:00,INSTITUTION_A,txn_164894,0.002792,licit,False,0.5,CLEAR
c943074cc556c1ba,2026-09-14T19:13:59.626328+00:00,INSTITUTION_A,txn_164896,0.098741,licit,False,0.5,CLEAR
88b2a986de62d1ce,2026-09-14T19:13:59.626342+00:00,INSTITUTION_A,txn_164897,0.275533,licit,False,0.5,CLEAR
315007f3a7e7b553,2026-09-14T19:13:59.626357+00:00,INSTITUTION_A,txn_164898,0.180161,licit,False,0.5,CLEAR
9ee03d66400daf35,2026-09-14T19:13:59.626374+00:00,INSTITUTION_A,txn_164903,0.002004,licit,False,0.5,CLEAR
f2f5019fc01c8690,2026-09-14T19:13:59.626385+00:00,INSTITUTION_A,txn_164904,0.091683,licit,False,0.5,CLEAR
79a1f36ac22ce1a5,2026-09-14T19:13:59.626396+00:00,INSTITUTION_A,txn_164907,0.047485,licit,False,0.5,CLEAR
063f8e47a22344b6,2026-09-14T19:13:59.626407+00:00,INSTITUTION_A,txn_164908,0.049755,licit,False,0.5,CLEAR
2e0ed0a37c3dc151,2026-09-14T19:13:59.626418+00:00,INSTITUTION_A,txn_164912,0.617996,illicit,True,0.5,ALERT_RAISED
289a4378a3325c5c,2026-09-14T19:13:59.626428+00:00,INSTITUTION_A,txn_164914,0.423104,licit,False,0.5,CLEAR
c95f80f2c63bd130,2026-09-14T19:13:59.626438+00:00,INSTITUTION_A,txn_164927,0.617553,illicit,True,0.5,ALERT_RAISED
1bbc812e65808c4a,2026-09-14T19:13:59.626449+00:00,INSTITUTION_A,txn_164929,0.146637,licit,False,0.5,CLEAR
f421c6853cbacbd4,2026-09-14T19:13:59.626460+00:00,INSTITUTION_A,txn_164930,0.007152,licit,False,0.5,CLEAR
56a631d54199c86a,2026-09-14T19:13:59.626471+00:00,INSTITUTION_A,txn_164942,0.59113,illicit,True,0.5,ALERT_RAISED
8008d4bad489e0b3,2026-09-14T19:13:59.626482+00:00,INSTITUTION_A,txn_164943,0.18152,licit,False,0.5,CLEAR
d9234c240caabaa8,2026-09-14T19:13:59.626493+00:00,INSTITUTION_A,txn_164944,0.185961,licit,False,0.5,CLEAR
eef8d01aa4ab78be,2026-09-14T19:13:59.626510+00:00,INSTITUTION_A,txn_164960,0.236991,licit,False,0.5,CLEAR
1f4d1225b9bd485e,2026-09-14T19:13:59.626521+00:00,INSTITUTION_A,txn_164977,0.266601,licit,False,0.5,CLEAR
f67d240417817068,2026-09-14T19:13:59.626537+00:00,INSTITUTION_A,txn_164980,0.102725,licit,False,0.5,CLEAR
959b22adc3e04cbd,2026-09-14T19:13:59.626553+00:00,INSTITUTION_A,txn_164982,0.510685,illicit,True,0.5,ALERT_RAISED
b248fd3fcca044c3,2026-09-14T19:13:59.626568+00:00,INSTITUTION_A,txn_164984,0.209055,licit,False,0.5,CLEAR
1aebf94a58393438,2026-09-14T19:13:59.626585+00:00,INSTITUTION_A,txn_164993,0.020073,licit,False,0.5,CLEAR
b6cf244f46e25bfd,2026-09-14T19:13:59.626612+00:00,INSTITUTION_A,txn_165000,0.001262,licit,False,0.5,CLEAR
640f9f052dccbb19,2026-09-14T19:13:59.626624+00:00,INSTITUTION_A,txn_165001,0.008822,licit,False,0.5,CLEAR
0567f61d1c4c6778,2026-09-14T19:13:59.626634+00:00,INSTITUTION_A,txn_165004,0.003538,licit,False,0.5,CLEAR
806f246dc9e40510,2026-09-14T19:13:59.626650+00:00,INSTITUTION_A,txn_165005,0.007886,licit,False,0.5,CLEAR
48a3ad785cac8cc1,2026-09-14T19:13:59.626698+00:00,INSTITUTION_A,txn_165012,2e-06,licit,False,0.5,CLEAR
f6fab9e0defd8c41,2026-09-14T19:13:59.626711+00:00,INSTITUTION_A,txn_165013,0.046252,licit,False,0.5,CLEAR
49045759b2a82ce0,2026-09-14T19:13:59.626722+00:00,INSTITUTION_A,txn_165016,0.072247,licit,False,0.5,CLEAR
13f675044dabec26,2026-09-14T19:13:59.626731+00:00,INSTITUTION_A,txn_165017,0.476894,licit,False,0.5,CLEAR
a12b27161df0ffd6,2026-09-14T19:13:59.626740+00:00,INSTITUTION_A,txn_165030,2e-06,licit,False,0.5,CLEAR
c09e5d29934efedd,2026-09-14T19:13:59.626750+00:00,INSTITUTION_A,txn_165031,0.322014,licit,False,0.5,CLEAR
67c5c05ec056d140,2026-09-14T19:13:59.626760+00:00,INSTITUTION_A,txn_165035,0.011726,licit,False,0.5,CLEAR
ed3e531f8a3ab065,2026-09-14T19:13:59.626769+00:00,INSTITUTION_A,txn_165043,0.105494,licit,False,0.5,CLEAR
0a7d53cd7f78fa98,2026-09-14T19:13:59.626779+00:00,INSTITUTION_A,txn_165047,0.682884,illicit,True,0.5,ALERT_RAISED
da7b283c181ffe89,2026-09-14T19:13:59.626789+00:00,INSTITUTION_A,txn_165051,0.007764,licit,False,0.5,CLEAR
d009547684f7c731,2026-09-14T19:13:59.626798+00:00,INSTITUTION_A,txn_165056,0.028282,licit,False,0.5,CLEAR
f30f9256f65a48c0,2026-09-14T19:13:59.626808+00:00,INSTITUTION_A,txn_165057,3.3e-05,licit,False,0.5,CLEAR
0b65921c639fece7,2026-09-14T19:13:59.626818+00:00,INSTITUTION_A,txn_165064,0.360498,licit,False,0.5,CLEAR
baf823733113a9a0,2026-09-14T19:13:59.626829+00:00,INSTITUTION_A,txn_165078,0.594821,illicit,True,0.5,ALERT_RAISED
79f278bb4cd41ef1,2026-09-14T19:13:59.626839+00:00,INSTITUTION_A,txn_165084,0.052991,licit,False,0.5,CLEAR
9871b53be1673f5c,2026-09-14T19:13:59.626856+00:00,INSTITUTION_A,txn_165086,0.187437,licit,False,0.5,CLEAR
8040200c85346706,2026-09-14T19:13:59.626866+00:00,INSTITUTION_A,txn_165088,0.02871,licit,False,0.5,CLEAR
fda9c99b05187474,2026-09-14T19:13:59.626877+00:00,INSTITUTION_A,txn_165092,0.001179,licit,False,0.5,CLEAR
6aa032c6675fc5e0,2026-09-14T19:13:59.626888+00:00,INSTITUTION_A,txn_165099,0.470894,licit,False,0.5,CLEAR
1467b74bc05baddc,2026-09-14T19:13:59.626897+00:00,INSTITUTION_A,txn_165101,0.214064,licit,False,0.5,CLEAR
616c7bca67db4621,2026-09-14T19:13:59.626906+00:00,INSTITUTION_A,txn_165106,0.38044,licit,False,0.5,CLEAR
c173943dae4f2680,2026-09-14T19:13:59.626915+00:00,INSTITUTION_A,txn_165128,0.201483,licit,False,0.5,CLEAR
